#term ID	term description	observed gene count	background gene count	strength	false discovery rate	matching proteins in your network (IDs)	matching proteins in your network (labels)
GO:0016616	oxidoreductase activity, acting on the CH-OH group of donors, NAD or NADP as acceptor	5	122	1.86	2.48e-05	9606.ENSP00000300051,9606.ENSP00000321070,9606.ENSP00000377192,9606.ENSP00000379386,9606.ENSP00000437783	LDHD,ME2,G6PD,LDHB,LDHC
GO:0004457	lactate dehydrogenase activity	3	9	2.77	5.04e-05	9606.ENSP00000300051,9606.ENSP00000379386,9606.ENSP00000437783	LDHD,LDHB,LDHC
GO:0036094	small molecule binding	9	2516	0.8	0.00055	9606.ENSP00000245206,9606.ENSP00000300051,9606.ENSP00000320171,9606.ENSP00000321070,9606.ENSP00000339933,9606.ENSP00000359539,9606.ENSP00000377192,9606.ENSP00000377532,9606.ENSP00000405573	GOT2,LDHD,PKM,ME2,PKLR,GOT1,G6PD,PC,GPI
GO:0003824	catalytic activity	11	5486	0.55	0.00089	9606.ENSP00000245206,9606.ENSP00000300051,9606.ENSP00000320171,9606.ENSP00000321070,9606.ENSP00000339933,9606.ENSP00000359539,9606.ENSP00000377192,9606.ENSP00000377532,9606.ENSP00000379386,9606.ENSP00000405573,9606.ENSP00000437783	GOT2,LDHD,PKM,ME2,PKLR,GOT1,G6PD,PC,LDHB,GPI,LDHC
GO:0004743	pyruvate kinase activity	2	2	3.25	0.0015	9606.ENSP00000320171,9606.ENSP00000339933	PKM,PKLR
GO:0004069	L-aspartate:2-oxoglutarate aminotransferase activity	2	3	3.07	0.0021	9606.ENSP00000245206,9606.ENSP00000359539	GOT2,GOT1
GO:0004459	L-lactate dehydrogenase activity	2	8	2.65	0.0084	9606.ENSP00000379386,9606.ENSP00000437783	LDHB,LDHC
GO:0030955	potassium ion binding	2	10	2.55	0.0110	9606.ENSP00000320171,9606.ENSP00000339933	PKM,PKLR
GO:0019842	vitamin binding	3	142	1.57	0.0274	9606.ENSP00000245206,9606.ENSP00000359539,9606.ENSP00000377532	GOT2,GOT1,PC
